[{"id":1,"name":"Anna Baier","email":"AnnaBaier@einrot.com","phone":"081 581 92 35","priority":"Tief","service":"Kleiner Service","create_date":"2022-11-13T18:12:43.511Z","pickup_date":"2022-11-25T18:12:43.511Z"},{"id":2,"name":"Swen Möller","email":"SwenMoeller@gmail.com","phone":"041 371 23 67","priority":"Standard","service":"Grosser Service","create_date":"2022-11-15T18:07:43.511Z","pickup_date":"2022-11-22T18:07:43.511Z"},{"id":3,"name":"Andrea Beckenbauer","email":"AndreaBeckenbauer@green.com","phone":"071 864 60 84","priority":"Express","service":"Heisswachsen","create_date":"2022-12-01T18:12:43.511Z","pickup_date":"2022-12-06T18:50:43.511Z"},{"id":4,"name":"Nevan","email":"Nevan.alberola@gmail","phone":"12345","priority":"low","service":"small","pickup_date":"2024-12-01T12:03:26.991Z","create_date":"2024-11-19T12:03:26.991Z"},{"id":5,"name":"Nevan","email":"Nevan.alberola@gmail.com","phone":"+ 41 078 244 04 333","priority":"low","service":"binding","pickup_date":"2024-12-03T12:14:14.487Z","create_date":"2024-11-21T12:14:14.487Z"},{"id":6,"name":"Nevan","email":"Nevan.alberola@gmail.com","phone":"+ 41 078 244 04 333","priority":"standard","service":"wax","pickup_date":"2024-11-28T13:36:53.123Z","create_date":"2024-11-21T13:36:53.123Z"}]